{
    "rot_around_z": 18,
    "min_x": -2.150513306226653,
    "min_y": -2.5515698659223114,
    "max_x": 2.1786553318049773,
    "max_y": 3.9051184812664186,
    "buffer": 0.1,
    "floor": -0.6869534111022746
}