{
    "rot_around_z": -11,
    "min_x": -2.34587517720488,
    "min_y": -2.626585971820664,
    "max_x": 2.0965162479027617,
    "max_y": 3.176291757884442,
    "buffer": 0.1,
    "floor": -0.930447056889534
}