{
    "rot_around_z": -95,
    "min_x": -2.1102008918924655,
    "min_y": -2.796142506394239,
    "max_x": 2.292409340392889,
    "max_y": 3.6110879440380526,
    "buffer": 0.1,
    "floor": -0.7741400283925909
}