{
    "rot_around_z": -300,
    "min_x": -2.0088665647165325,
    "min_y": -3.198324961992039,
    "max_x": 2.3593234491916593,
    "max_y": 2.566141889644549,
    "buffer": 0.1,
    "floor": -0.7624912010265202
}