{
    "rot_around_z": 48,
    "min_x": -2.1748356545717282,
    "min_y": -3.6950151513198057,
    "max_x": 2.2014169712231006,
    "max_y": 2.7566897188803514,
    "buffer": 0.1,
    "floor": -0.8200501350874744
}