{
    "rot_around_z": -93,
    "min_x": -2.110731068934048,
    "min_y": -2.2815949320776903,
    "max_x": 2.2556736687185635,
    "max_y": 4.104020847973391,
    "buffer": 0.1,
    "floor": -0.8035509412105313
}