{
    "rot_around_z": -44,
    "min_x": -2.1171132474745704,
    "min_y": -3.218090404038672,
    "max_x": 2.337226928972623,
    "max_y": 2.6044311033193135,
    "buffer": 0.1,
    "floor": -1.207793501516232
}