{
    "rot_around_z": -41,
    "min_x": -2.1928585018050843,
    "min_y": -2.6108472732220784,
    "max_x": 2.1412120917148907,
    "max_y": 3.710234662649925,
    "buffer": 0.1,
    "floor": -0.7346472105671868
}