{
    "rot_around_z": 70,
    "min_x": -2.2806616783144995,
    "min_y": -2.831227839102485,
    "max_x": 2.1969657534446263,
    "max_y": 3.6195153613605116,
    "buffer": 0.1,
    "floor": -0.852083823226945
}