{
    "rot_around_z": 53,
    "min_x": -2.215994305887137,
    "min_y": -2.826091906584412,
    "max_x": 2.209779414007564,
    "max_y": 2.940934818341994,
    "buffer": 0.1,
    "floor": -0.9151476621627808
}