{
    "rot_around_z": -22,
    "min_x": -1.9971305874169463,
    "min_y": -3.1896305257388904,
    "max_x": 2.3842704774540158,
    "max_y": 3.2200322836387234,
    "buffer": 0.1,
    "floor": -0.7543570200602344
}