{
    "rot_around_z": -18,
    "min_x": -2.1206369487274896,
    "min_y": -2.8592637424081646,
    "max_x": 2.255360263789485,
    "max_y": 3.004181886026406,
    "buffer": 0.1,
    "floor": -0.7905595791339874
}