{
    "rot_around_z": -132,
    "min_x": -2.219335785884399,
    "min_y": -2.781062071886017,
    "max_x": 2.2302963123469937,
    "max_y": 3.017465600820305,
    "buffer": 0.1,
    "floor": -0.8536221316282041
}