{
    "rot_around_z": -265,
    "min_x": -2.179335785884399,
    "min_y": -2.751062071886016,
    "max_x": 2.1802963123469934,
    "max_y": 3.6174656008202897,
    "buffer": 0.1,
    "floor": -0.8345177964288274
}