{
    "rot_around_z": -203,
    "min_x": -2.3893234491916697,
    "min_y": -2.6061418896445625,
    "max_x": 2.028866564716538,
    "max_y": 3.208324961992058,
    "buffer": 0.1,
    "floor": -0.7927043605462255
}