{
    "rot_around_z": -376,
    "min_x": -2.4146032534037967,
    "min_y": -2.6927381963965935,
    "max_x": 1.9682155569715865,
    "max_y": 3.091012571463899,
    "buffer": 0.1,
    "floor": -0.6286031293868869
}