{
    "rot_around_z": 104,
    "min_x": -1.9482155569715887,
    "min_y": -3.1110125714639003,
    "max_x": 2.414603253403799,
    "max_y": 2.682738196396594,
    "buffer": 0.1,
    "floor": -0.6191367231587518
}