{
    "rot_around_z": -76,
    "min_x": -2.4646032534038027,
    "min_y": -2.652738196396604,
    "max_x": 2.008215556971594,
    "max_y": 3.721012571463898,
    "buffer": 0.1,
    "floor": -0.6134883957819898
}