{
    "rot_around_z": -41,
    "min_x": -2.3286133718737685,
    "min_y": -2.583038668454206,
    "max_x": 2.0863399614030294,
    "max_y": 3.8441738255823816,
    "buffer": 0.1,
    "floor": -0.9512388487866009
}