{
    "rot_around_z": 71,
    "min_x": -2.1759943058871367,
    "min_y": -2.816091906584412,
    "max_x": 2.1497794140075652,
    "max_y": 2.950934818341994,
    "buffer": 0.1,
    "floor": -0.9151476621627808
}