{
    "rot_around_z": -133,
    "min_x": -2.1943125493875524,
    "min_y": -2.698382449241281,
    "max_x": 2.1661659085568177,
    "max_y": 3.653142315015619,
    "buffer": 0.1,
    "floor": -0.8279572895594713
}