{
    "rot_around_z": -277,
    "min_x": -2.2976152178248754,
    "min_y": -2.8535657335602496,
    "max_x": 2.076175099439905,
    "max_y": 2.9141555276845676,
    "buffer": 0.1,
    "floor": -1.2543125080338866
}