{
    "rot_around_z": 161,
    "min_x": -2.2524093403928966,
    "min_y": -2.951087944038083,
    "max_x": 2.110200891892475,
    "max_y": 2.796142506394252,
    "buffer": 0.1,
    "floor": -0.7744189023971624
}