{
    "rot_around_z": 0,
    "min_x": -2.232858501805083,
    "min_y": -2.660847273222077,
    "max_x": 2.17121209171489,
    "max_y": 3.1802346626499354,
    "buffer": 0.1,
    "floor": -0.775754136046338
}