{
    "rot_around_z": -110,
    "min_x": -2.176965753444626,
    "min_y": -2.939515361360521,
    "max_x": 2.230661678314505,
    "max_y": 2.821227839102484,
    "buffer": 0.1,
    "floor": -0.9151476621627808
}