{
    "rot_around_z": -29,
    "min_x": -2.1356939989494133,
    "min_y": -2.5968448599940492,
    "max_x": 2.228222927242778,
    "max_y": 3.78198206309713,
    "buffer": 0.1,
    "floor": -0.8618865207441897
}