{
    "rot_around_z": -52,
    "min_x": -2.140731068934047,
    "min_y": -2.361594932077689,
    "max_x": 2.3356736687185613,
    "max_y": 4.124020847973391,
    "buffer": 0.1,
    "floor": -0.8430163224537847
}