{
    "rot_around_z": -76,
    "min_x": -2.394603253403797,
    "min_y": -2.672738196396594,
    "max_x": 1.9382155569715869,
    "max_y": 3.0310125714639016,
    "buffer": 0.1,
    "floor": -0.6096248531341553
}