{
    "rot_around_z": 0,
    "min_x": -3.7239336172739663,
    "min_y": -2.5207771110534587,
    "max_x": 2.6718239593505757,
    "max_y": 3.0166017341613784,
    "buffer": 0.1,
    "floor": -0.0037440957685634865
}