{
    "rot_around_z": -48,
    "min_x": -2.1697033157718635,
    "min_y": -2.6720303458795325,
    "max_x": 2.252886070548687,
    "max_y": 3.1162173462487286,
    "buffer": 0.1,
    "floor": -0.8526168137182112
}